Deal ID,Created Date,Lead Source,Company Name,Contact Email,Country,Industry,Lifecycle Stage,Deal Amount,Sales Rep,Close Date
D-10088,06-04-2025,Partner Referral, Atlas Construction,nadia.98@atlasconstruct.com,USA,Education,lead,"$ 8,200.00",Serkan Saricam,
D-10260,2025-04-26,web form,Crestview Manufacturing,claire.2@crestviewmanuf.com,US,Manufacturing,closed lost,0,amine bekkali,"Jul 30, 2025"
D-10064,2025-05-12,Google-Ads, Precision Manufacturing,rita.61@precisionmanuf.com,United States,healthcare,CUSTOMER,N/A,Sarah O'Connor,"May 30, 2025"
D-10391,03/18/2025,Google-Ads,VILLE DE SAINT-LAURENT,MARC.10@VILLEDESAINT-L.COM,US,Mining,mql,8200,serkan saricam,
D-10409,11/11/2025,googleads,meridian bank,TOM.86@MERIDIANBANK.COM,US,Retail,SQL,"8,200",Maciek Marchlewski,
D-10105,06/10/2025,Email,Laurentide Foods,luc.83@laurentidefood.com,CAN,Government,Opportunity,"$ 15,500.00",M. Marchlewski,
D-10370,05/16/2025,Trade Show,Beaumont Retail Group,,United States,Construction,lead,$0,Julie Tremblay,
D-10309,01/21/2025,Event,Terra Mining Corp,Rita.23@Terraminingcor.Com,us,Government,closed lost,"$85,000",serkan saricam,2025-04-28
D-10223,2025-10-03,facebook ads,Collège Lasalle,Yanis.34@Collegelasalle.Com,US,Logistics,mql,"$62,000",amine bekkali,
D-10230,"Jun 22, 2025",tradeshow,Northstar Bank,tom.42@northstarbank.com,CA,Retail,Lead,48000 $,David Chen,
D-10005,"Jun 30, 2025",LinkedIn Ads,Optima Clinics ,Julie.74@Optimaclinics.Com,USA,Healthcare,closed lost,"$ 8,200.00",D. Chen,2025-07-28
D-10209,2025-06-20,Google-Ads, Granite Mining,claire.26@granitemining.com ,USA,banking,closed lost,"$ 15,500.00",Sarah OConnor,"Aug 08, 2025"
D-10172,"Jul 05, 2025",Trade Show,Cedarwood Properties,luc.58@cedarwoodprope.com ,Canada,Energy,opportunity,12000 $,Sarah O'Connor,
D-10025,03/26/2025,LinkedIn,Summit Healthcare,Sarah.86@Summithealthca.Com,US,Government,customer,$0,M. Marchlewski,"May 10, 2025"
D-10414,2025-03-30,linkedin,Northstar Bank ,Nadia.48@Northstarbank.Com,CA,Mining,M.Q.L,0,Amine Bekkali,
D-10385,"Nov 05, 2025",Direct,Boreal Energy ,luc.62@borealenergy.com ,CA,Banking,Lost,"21,000",M. Marchlewski,03/15/2026
D-10013,2025-03-06,LINKEDIN , Atlas Construction,Nadia.78@Atlasconstruct.Com,canada,Education,Lost,21000 $,julie tremblay,17-07-2025
D-10388,04/28/2025,REFERRAL, Blue Harbour Shipping,Tom.52@Blueharbourshi.Com,canada,Healthcare,Customer,85000,Serkan Saricam,"Sep 25, 2025"
D-10354,"Nov 03, 2025",web form, Blue Harbour Shipping,ahmed.9@blueharbourshi.com,United States,Retail,lead,"$4,500",serkan saricam,
D-10164,2025-11-21,LinkedIn,Blue Harbour Shipping,marc.5@blueharbourshi.com,United States,retail,Opportunity,"$ 48,000.00",Amine Bekkali,
D-10050,10/18/2025,Direct, Rivière Construction,LUC.84@RIVIERECONSTRU.COM,us,Banking,CUSTOMER,0,Maciek Marchlewski,2025-12-08
D-10112,10-08-2025,Google Ads,ALPINE LOGISTICS,RITA.92@ALPINELOGISTIC.COM,US,Manufacturing,Lost,"$21,000",D. Chen,12/02/2025
D-10415,10/11/2025,EMAIL,vertex industries,julie.72@vertexindustri.com ,CA,healthcare,Lead,"$62,000",Serkan Saricam,
D-10108,04/12/2025,LinkedIn,cedarwood properties,NADIA.21@CEDARWOODPROPE.COM,CAN,construction,Opportunity,"$62,000",M. Marchlewski,
D-10076,07/11/2025,Google Ads,boreal energy,,US,Healthcare,SQL,15500 $,David Chen,
D-10179,11/02/2025,Facebook,boreal energy,marc.39@borealenergy.com ,us,Energy,Lead,"$48,000",Amine Bekkali,
D-10211,"Oct 30, 2025",Referral,Ironclad Security,ahmed.85@ironcladsecuri.com,canada,healthcare,Closed Lost,"$ 12,000.00",M. Marchlewski,"Jan 09, 2026"
D-10235,05-02-2025,Event,CARGOLINE TRANSPORT,julie.4@cargolinetrans.com,CA,Healthcare,SQL,27500,Sarah O'Connor,
D-10187,09-05-2025,Website, Beaumont Retail Group,Tom.4@Beaumontretail.Com,CA,Banking,mql,0,D. Chen,
D-10349,2025-09-04,Organic Search,Beacon Financial,rita.95@beaconfinancia.com,us,Construction,SQL,"48,000",Sarah OConnor,
D-10231,16-09-2025,Trade Show,Alpine Logistics,julie.81@alpinelogistic.com,Canada,construction,CUSTOMER,8200 $,amine bekkali,2025-09-29
D-10283,04-11-2025,Website, Beacon Financial,marc.96@beaconfinancia.com ,canada,retail,M.Q.L,15500 $,Julie Tremblay,
D-10116,"May 01, 2025",REFERRAL,Atlas Construction,tom.25@atlasconstruct.com ,United States of America,Logistics,mql,12000 $,M. Marchlewski,
D-10383,29-08-2025,Email Marketing,Crestview Manufacturing,yanis.87@crestviewmanuf.com ,CAN,healthcare,M.Q.L,48000,Maciek Marchlewski,
D-10317,2025-09-25,google ads,Zenith Retail,ahmed.19@zenithretail.com,United States of America,Logistics,Customer,-,serkan saricam,2026-01-10
D-10177,2025-06-17,REFERRAL, Vertex Industries,rita.68@vertexindustri.com,USA,Manufacturing,customer,$0,Amine Bekkali,11/05/2025
D-10034,20-07-2025,GOOGLE ADS, Rivière Construction,luc.21@riviereconstru.com,us,Healthcare,opportunity,34000,M. Marchlewski,
D-10198,"Feb 05, 2025",Google Adwords,Northstar Bank ,tom.31@northstarbank.com,CAN,Logistics,M.Q.L,"12,000",Julie Tremblay,
D-10318,08-10-2025,organic,maple grove schools,claire.79@maplegrovescho.com,US,Logistics,LEAD,"$62,000",Serkan Saricam,
D-10072,10/31/2025,Organic Search,CargoLine Transport,marc.25@cargolinetrans.com,United States,Energy,SQL,$0,Sarah OConnor,
D-10397,10-07-2025,SEO,Ville de Saint-Laurent,yanis.90@villedesaint-l.com,CA,Construction,Closed Lost,62000,David Chen,"Oct 25, 2025"
D-10178,2025-04-12,Email Marketing,Summit Healthcare ,yanis.38@summithealthca.com,Canada,Energy,Closed Lost,,Serkan Saricam,19-05-2025
D-10323,2025-07-03,LinkedIn Ads, Ironclad Security,Rita.18@Ironcladsecuri.Com,us,Healthcare,Lead,12000 $,Sarah OConnor,
D-10524,,,,,,,,,,
D-10055,01/26/2025,GOOGLE ADS,atlas construction,tom.14@atlasconstruct.com ,United States,Healthcare,Lead,85000,Sarah OConnor,
D-10163,06/21/2025,Email Marketing,Granite Mining,nadia.14@granitemining.com,US,Energy,Closed Lost,"$ 4,500.00",D. Chen,07/06/2025
D-10227,"Oct 30, 2025",Trade Show,Fraser Health Partners ,claire.11@fraserhealthpa.com,CA,Mining,customer,"21,000",Julie Tremblay,2026-02-26
D-10263,16-07-2025,facebook ads, Collège Lasalle,sarah.17@collegelasalle.com,us,Education,closed lost,48000 $,Amine Bekkali,31-08-2025
D-10332,24-10-2025,Google Ads,Pelican Freight,Marc.50@Pelicanfreight.Com,United States,Manufacturing,sql,,M. Marchlewski,
D-10147,2025-08-19,organic,COLLÈGE LASALLE,julie.48@collegelasalle.com ,CAN,Energy,sql,85000,Serkan Saricam,
D-10380,11-08-2025,Meta,Meridian Bank ,ahmed.81@meridianbank.com ,US,healthcare,mql,"34,000",Amine Bekkali,
D-10493,,,,,,,,,,
D-10197,04/21/2025,GOOGLE ADS,optima clinics,rita.89@optimaclinics.com ,United States of America,Mining,Closed Lost,"$ 48,000.00",M. Marchlewski,"Jun 02, 2025"
D-10291,09/10/2025,facebook ads,atlas construction,rita.59@atlasconstruct.com,United States of America,Retail,mql,$0,David Chen,
D-10256,27-01-2025,Trade-Show, Cedarwood Properties,marc.92@cedarwoodprope.com ,CAN,construction,opportunity,15500 $,amine bekkali,
D-10253,05-04-2025,Organic,BOREAL ENERGY,rita.15@borealenergy.com ,United States of America,Logistics,mql,0,Maciek Marchlewski,
D-10014,2025-04-21,Referral, Rivière Construction,EMMA.89@RIVIERECONSTRU.COM,United States of America,Construction,customer,-,M. Marchlewski,07-05-2025
D-10098,11/01/2025,GOOGLE ADS,Summit Healthcare ,CLAIRE.40@SUMMITHEALTHCA.COM,Canada,retail,LEAD,34000,serkan saricam,
D-10406,"Mar 29, 2025",LinkedIn Ads,CARGOLINE TRANSPORT,EMMA.68@CARGOLINETRANS.COM,CA,Government,MQL,"27,500",D. Chen,
D-10102,2025-02-25,REFERRAL,Cedarwood Properties,luc.4@cedarwoodprope.com ,CA,construction,customer,"$21,000",Serkan Saricam,07/22/2025
D-10074,"Jun 14, 2025",web form, Beacon Financial,Luc.87@Beaconfinancia.Com,us,retail,LEAD,"$4,500",David Chen,
D-10287,"Nov 23, 2025",referal,IRONCLAD SECURITY,TOM.69@IRONCLADSECURI.COM,USA,Healthcare,lead,15500,julie tremblay,
D-10310,05/14/2025,referal, Precision Manufacturing,emma.17@precisionmanuf.com,United States of America,construction,CUSTOMER,"4,500",Sarah O'Connor,2025-07-27
D-10254,17-10-2025,Google-Ads, Cedarwood Properties,yanis.44@cedarwoodprope.com ,CA,Mining,SQL,-,Sarah O'Connor,
D-10440,"Jan 28, 2025",tradeshow,precision manufacturing,SARAH.40@PRECISIONMANUF.COM,us,construction,SQL,$0,julie tremblay,
D-10066,09/01/2025,Organic,Alpine Logistics,marc.30@alpinelogistic.com,CA,Retail,CUSTOMER,"85,000",Sarah O'Connor,"Dec 30, 2025"
D-10479,,,,,,,,,,
D-10442,14-03-2025,LinkedIn,FRASER HEALTH PARTNERS,david.60@fraserhealthpa.com ,CAN,Mining,LEAD,85000 $,Sarah OConnor,
D-10152,"Jun 05, 2025",Direct,TERRA MINING CORP,,USA,Banking,mql,"$48,000",M. Marchlewski,
D-10113,"Apr 18, 2025",Direct,Terra Mining Corp,DAVID.70@TERRAMININGCOR.COM,Canada,Logistics,customer,-,julie tremblay,08/22/2025
D-10299,29-09-2025,googleads, Pelican Freight,NADIA.24@PELICANFREIGHT.COM,US,retail,Closed Lost,"48,000",Amine Bekkali,11/12/2025
D-10371,05/02/2025,Google-Ads,quantum retail,nadia.51@quantumretail.com ,CA,Energy,Lead,48000 $,M. Marchlewski,
D-10258,"Aug 30, 2025",email campaign,Blue Harbour Shipping,julie.76@blueharbourshi.com,us,Healthcare,Closed Lost,15500 $,Amine Bekkali,2025-10-24
D-10070,05/12/2025,REFERRAL, Collège Lasalle,David.95@Collegelasalle.Com,CAN,Construction,M.Q.L,4500,serkan saricam,
D-10049,"Oct 14, 2025",tradeshow,ironclad security,Ahmed.83@Ironcladsecuri.Com,United States,Mining,mql,N/A,Julie Tremblay,
D-10399,2025-06-05,Email,Pelican Freight,ahmed.55@pelicanfreight.com,United States,retail,Closed Lost,"$62,000",amine bekkali,07/07/2025
D-10077,03/30/2025,email campaign,Terra Mining Corp,Luc.74@Terraminingcor.Com,canada,banking,mql,,amine bekkali,
D-10433,2025-09-26,Trade Show,Summit Healthcare,david.41@summithealthca.com,CA,Manufacturing,Closed Lost,"$ 12,000.00",Maciek Marchlewski,02/19/2026
D-10284,07-05-2025,Email,Zenith Retail ,sarah.26@zenithretail.com,US,retail,Lost,"$34,000",Maciek Marchlewski,"Aug 25, 2025"
D-10091,2025-05-10,LINKEDIN ,BEACON FINANCIAL,ahmed.18@beaconfinancia.com,United States,construction,mql,"$21,000",Julie Tremblay,
D-10040,02-10-2025,googleads,Alpine Logistics,rita.65@alpinelogistic.com,United States,healthcare,LEAD,62000 $,Sarah O'Connor,
D-10153,01/26/2025,direct,Ironclad Security,YANIS.37@IRONCLADSECURI.COM,CAN,Education,Closed Lost,"4,500",M. Marchlewski,03/23/2025
D-10037,"Oct 03, 2025",Trade Show, Boreal Energy,tom.30@borealenergy.com,us,Healthcare,mql,"$ 48,000.00",Julie Tremblay,
D-10182,"Oct 31, 2025",Email,Ville de Saint-Laurent,david.81@villedesaint-l.com,Canada,Retail,LEAD,12000,Maciek Marchlewski,
D-10272,24-03-2025,Trade-Show,beaumont retail group,claire.13@beaumontretail.com,us,Government,opportunity,0,Maciek Marchlewski,
D-10150,2025-06-06,Trade Show,Summit Healthcare ,Ahmed.4@Summithealthca.Com,us,Government,Customer,85000,serkan saricam,"Aug 21, 2025"
D-10430,19-03-2025,google ads,Blue Harbour Shipping,NADIA.37@BLUEHARBOURSHI.COM,CAN,Construction,LEAD,"8,200",Amine Bekkali,
D-10264,03-08-2025,facebook ads,Granite Mining,rita.41@granitemining.com,CAN,Energy,Customer,$0,amine bekkali,"Oct 08, 2025"
D-10123,2025-07-09,tradeshow,QUANTUM RETAIL,luc.87@quantumretail.com,canada,Banking,Lead,-,D. Chen,
D-10027,2025-11-21,Meta,IRONCLAD SECURITY,rita.3@ironcladsecuri.com ,canada,retail,opportunity,"$27,500",Julie Tremblay,
D-10304,2025-10-17,Meta, Blue Harbour Shipping,nadia.68@blueharbourshi.com,CA,Retail,SQL,"$ 8,200.00",Amine Bekkali,
D-10039,11/23/2025,Organic, Blue Harbour Shipping,julie.49@blueharbourshi.com ,United States,Retail,Lead,"$ 48,000.00",D. Chen,
D-10417,2025-02-20,Direct,Ville de Saint-Laurent ,julie.34@villedesaint-l.com,us,healthcare,Customer,"$48,000",Sarah OConnor,18-06-2025
D-10541,,,,,,,,,,
D-10436,2025-06-20,Google-Ads, Granite Mining,claire.26@granitemining.com ,USA,banking,closed lost,"$ 15,500.00",Sarah OConnor,"Aug 08, 2025"
D-10249,19-07-2025,googleads,CRESTVIEW MANUFACTURING,yanis.44@crestviewmanuf.com,US,Banking,sql,120000 $,Julie Tremblay,
D-10135,"Mar 06, 2025",Organic Search,IRONCLAD SECURITY,TOM.22@IRONCLADSECURI.COM,United States,Energy,customer,48000,amine bekkali,"Jun 30, 2025"
D-10445,2025-02-05,Trade-Show,SUMMIT HEALTHCARE,julie.31@summithealthca.com,Canada,healthcare,MQL,"$ 4,500.00",Serkan Saricam,
D-10228,"Jan 16, 2025",facebook ads,Northstar Bank,Ahmed.81@Northstarbank.Com,United States,Manufacturing,SQL,N/A,Amine Bekkali,
D-10352,"Aug 26, 2025",Trade Show,laurentide foods,luc.83@laurentidefood.com,CA,Energy,Customer,"$ 34,000.00",D. Chen,05-12-2025
D-10450,"Oct 18, 2025",Google Ads,fraser health partners,marc.92@fraserhealthpa.com,us,Education,Customer,48000 $,Sarah OConnor,17-03-2026
D-10146,"Mar 21, 2025",LinkedIn,Beacon Financial,,us,Construction,Customer,"$85,000",julie tremblay,20-05-2025
D-10010,08-01-2025,Trade Show,CargoLine Transport,EMMA.76@CARGOLINETRANS.COM,CA,Education,mql,"$ 15,500.00",Amine Bekkali,
D-10398,10/29/2025,Website, Meridian Bank,sarah.86@meridianbank.com,us,Mining,Customer,"$ 12,000.00",serkan saricam,14-01-2026
D-10212,15-05-2025,Organic,meridian bank,RITA.15@MERIDIANBANK.COM,CAN,Banking,MQL,"$ 4,500.00",D. Chen,
D-10432,"Aug 21, 2025",Trade Show,Zenith Retail,tom.50@zenithretail.com,Canada,Education,SQL,N/A,David Chen,
D-10401,2025-05-28,GOOGLE ADS,meridian bank,yanis.68@meridianbank.com ,CA,Energy,closed lost,"48,000",Sarah OConnor,"Sep 17, 2025"
D-10004,05-10-2025,Partner Referral,Optima Clinics,claire.8@optimaclinics.com,CAN,Energy,Closed Lost,"85,000",M. Marchlewski,"Feb 11, 2026"
D-10431,2025-08-10,GOOGLE ADS,cedarwood properties,MARC.97@CEDARWOODPROPE.COM,canada,retail,CUSTOMER,"$8,200",amine bekkali,17-10-2025
D-10266,20-10-2025,FB,beacon financial,emma.24@beaconfinancia.com,United States of America,Manufacturing,M.Q.L,21000,M. Marchlewski,
D-10143,14-03-2025,facebook ads,Summit Healthcare,emma.99@summithealthca.com,CA,construction,Opportunity,"$120,000",serkan saricam,
D-10041,2025-07-20,facebook ads,Zenith Retail ,sarah.95@zenithretail.com ,canada,banking,LEAD,"21,000",M. Marchlewski,
D-10452,"Nov 23, 2025",referal,IRONCLAD SECURITY,TOM.69@IRONCLADSECURI.COM,USA,Healthcare,lead,15500,julie tremblay,
D-10024,"Apr 19, 2025",Trade Show,Maple Grove Schools ,Rita.67@Maplegrovescho.Com,canada,Logistics,closed lost,N/A,Maciek Marchlewski,"May 30, 2025"
D-10111,08-04-2025,Referral,VERTEX INDUSTRIES,sarah.86@vertexindustri.com,canada,construction,MQL,21000 $,Maciek Marchlewski,
D-10031,2025-09-19,Referral, Blue Harbour Shipping,YANIS.98@BLUEHARBOURSHI.COM,Canada,Retail,M.Q.L,"8,200",Serkan Saricam,
D-10220,"Nov 09, 2025",Meta,Alpine Logistics,julie.24@alpinelogistic.com,United States of America,retail,CUSTOMER,120000 $,julie tremblay,"Dec 29, 2025"
D-10438,09/09/2025,Linked In,OPTIMA CLINICS,Nadia.8@Optimaclinics.Com,Canada,Manufacturing,customer,4500,Sarah OConnor,12/17/2025
D-10358,2025-08-10,SEO,cedarwood properties,MARC.97@CEDARWOODPROPE.COM,canada,retail,CUSTOMER,"$8,200",amine bekkali,17-10-2025
D-10255,2025-08-18,facebook ads, Northstar Bank,NADIA.33@NORTHSTARBANK.COM,CA,construction,LEAD,27500 $,Julie Tremblay,
D-10345,"Aug 10, 2025",Email Marketing,Maple Grove Schools ,claire.42@maplegrovescho.com,United States,banking,M.Q.L,-,Sarah OConnor,
D-10012,2025-03-24,googleads, Terra Mining Corp,,CAN,banking,MQL,"$ 12,000.00",David Chen,
D-10426,"Feb 02, 2025",Organic,NORDVALE LOGISTICS,claire.83@nordvalelogist.com,us,retail,Lost,"$ 34,000.00",Serkan Saricam,2025-02-22
D-10207,"Jul 15, 2025",LINKEDIN ,Fraser Health Partners,EMMA.62@FRASERHEALTHPA.COM,United States,retail,Lead,-,Sarah OConnor,
D-10268,05-05-2025,Trade Show,Optima Clinics ,marc.21@optimaclinics.com ,United States of America,Manufacturing,Customer,"$ 62,000.00",Maciek Marchlewski,23-06-2025
D-10444,04/13/2025,Google Adwords,Boreal Energy ,sarah.35@borealenergy.com ,Canada,Education,customer,85000 $,David Chen,"Apr 30, 2025"
D-10257,"Apr 20, 2025",email campaign,atlas construction,sarah.92@atlasconstruct.com,United States of America,construction,Customer,"$120,000",D. Chen,"May 20, 2025"
D-10203,11-10-2025,meta ads,Collège Lasalle,tom.63@collegelasalle.com ,canada,Healthcare,Customer,$0,Sarah O'Connor,13-11-2025
D-10046,01/06/2025,Google Ads, Summit Healthcare,luc.41@summithealthca.com,United States,Mining,Customer,"85,000",julie tremblay,2025-04-27
D-10168,05-07-2025,web form,meridian bank,yanis.50@meridianbank.com,USA,Government,M.Q.L,120000,Julie Tremblay,
D-10069,2025-11-19,REFERRAL,OPTIMA CLINICS,AHMED.30@OPTIMACLINICS.COM,United States,Mining,sql,"$ 62,000.00",amine bekkali,
D-10038,09/25/2025,Google Adwords,rivière construction,tom.19@riviereconstru.com,Canada,Retail,Closed Lost,"$ 62,000.00",M. Marchlewski,2025-11-09
D-10437,05/29/2025,Organic Search,Ironclad Security,,CAN,Mining,Lead,,Julie Tremblay,
D-10408,"Jan 20, 2025",Event, Boreal Energy,luc.74@borealenergy.com,USA,Government,Customer,4500 $,Sarah OConnor,02-03-2025
D-10021,10/01/2025,Google Ads,beacon financial,LUC.65@BEACONFINANCIA.COM,CA,Healthcare,Lead,120000 $,M. Marchlewski,
D-10449,16-01-2025,FB,Terra Mining Corp ,David.41@Terraminingcor.Com,us,Manufacturing,customer,"8,200",Julie Tremblay,07-02-2025
D-10016,11/11/2025,LinkedIn,Quantum Retail,marc.36@quantumretail.com ,CAN,Government,customer,"21,000",Maciek Marchlewski,2026-02-22
D-10403,02/16/2025,Linked In,Fraser Health Partners,sarah.60@fraserhealthpa.com,canada,Logistics,opportunity,"$ 12,000.00",M. Marchlewski,
D-10446,04/23/2025,direct,Ironclad Security,Yanis.58@Ironcladsecuri.Com,United States,Construction,LEAD,"$34,000",M. Marchlewski,
D-10273,"Oct 19, 2025",organic, Precision Manufacturing,Ahmed.15@Precisionmanuf.Com,Canada,Retail,closed lost,-,Serkan Saricam,11/26/2025
D-10215,07/15/2025,organic, Atlas Construction,claire.8@atlasconstruct.com ,United States,retail,lead,-,Sarah O'Connor,
D-10033,2025-11-27,Linked In,Optima Clinics ,SARAH.44@OPTIMACLINICS.COM,Canada,retail,mql,"15,500",Sarah OConnor,
D-10271,"Jun 10, 2025",referal,ZENITH RETAIL,julie.26@zenithretail.com ,CAN,banking,LEAD,4500,Julie Tremblay,
D-10114,10-04-2025,referal, Maple Grove Schools,luc.95@maplegrovescho.com ,US,construction,CUSTOMER,"$27,500",Serkan Saricam,2025-07-20
D-10381,03/31/2025,direct,BLUE HARBOUR SHIPPING,marc.12@blueharbourshi.com,CA,healthcare,sql,"27,500",amine bekkali,
D-10176,"Oct 26, 2025",email campaign,TERRA MINING CORP,nadia.65@terraminingcor.com ,us,Energy,mql,4500 $,amine bekkali,
D-10052,01-10-2025,Google-Ads,alpine logistics,sarah.3@alpinelogistic.com ,us,Mining,SQL,"15,500",amine bekkali,
D-10353,03/06/2025,meta ads,Optima Clinics,TOM.87@OPTIMACLINICS.COM,CAN,Construction,opportunity,"$ 120,000.00",Julie Tremblay,
D-10372,12-06-2025,Google-Ads, Beacon Financial,David.65@Beaconfinancia.Com,USA,Manufacturing,mql,"$ 4,500.00",M. Marchlewski,
D-10455,"Aug 30, 2025",EMAIL,Blue Harbour Shipping,julie.76@blueharbourshi.com,us,Healthcare,Closed Lost,15500 $,Amine Bekkali,2025-10-24
D-10154,05/26/2025,Partner Referral,meridian bank,julie.12@meridianbank.com,CAN,Retail,M.Q.L,4500,serkan saricam,
D-10029,2025-05-19,Referral,VILLE DE SAINT-LAURENT,julie.35@villedesaint-l.com,canada,Government,LEAD,34000,Serkan Saricam,
D-10289,26-02-2025,Organic Search,Terra Mining Corp ,Emma.73@Terraminingcor.Com,United States,Mining,CUSTOMER,$0,julie tremblay,2025-06-22
D-10162,06/19/2025,Trade-Show, CargoLine Transport,rita.56@cargolinetrans.com,CAN,Manufacturing,CUSTOMER,"$ 120,000.00",David Chen,12-07-2025
D-10288,"Jun 18, 2025",direct,Ville de Saint-Laurent ,nadia.79@villedesaint-l.com ,Canada,Retail,SQL,120000,M. Marchlewski,
D-10141,"Sep 27, 2025",Event, Boreal Energy,Claire.73@Borealenergy.Com,canada,Construction,mql,"$4,500",Sarah OConnor,
D-10238,08/16/2025,Trade Show,Crestview Manufacturing ,marc.33@crestviewmanuf.com,US,Logistics,sql,"4,500",Julie Tremblay,
D-10366,2025-02-18,GOOGLE ADS, Beaumont Retail Group,Tom.9@Beaumontretail.Com,United States,Energy,mql,"$15,500",Sarah OConnor,
D-10243,01/30/2025,direct,cargoline transport,luc.90@cargolinetrans.com,US,Retail,Customer,,M. Marchlewski,"Mar 11, 2025"
D-10245,16-04-2025,referal,Ville de Saint-Laurent,david.35@villedesaint-l.com,Canada,Construction,lead,"$ 15,500.00",Sarah O'Connor,
D-10396,07/27/2025,Organic,NORDVALE LOGISTICS,emma.3@nordvalelogist.com,CA,Education,mql,"$120,000",David Chen,
D-10307,09/27/2025,Referral,TERRA MINING CORP,AHMED.37@TERRAMININGCOR.COM,CAN,Banking,Lead,21000,Sarah O'Connor,
D-10129,18-03-2025,Facebook,Summit Healthcare,Tom.2@Summithealthca.Com,US,Retail,opportunity,"27,500",julie tremblay,
D-10384,03/29/2025,facebook ads,VILLE DE SAINT-LAURENT,nadia.80@villedesaint-l.com ,USA,retail,SQL,"$21,000",Amine Bekkali,
D-10351,12-03-2025,linkedin, Optima Clinics,luc.85@optimaclinics.com ,Canada,Banking,sql,48000,M. Marchlewski,
D-10300,04/25/2025,Meta,nordvale logistics,tom.31@nordvalelogist.com,CAN,Banking,Opportunity,85000,serkan saricam,
D-10166,2025-08-02,Website,ATLAS CONSTRUCTION,JULIE.66@ATLASCONSTRUCT.COM,United States,Manufacturing,opportunity,8200,D. Chen,
D-10331,13-04-2025,Referral, Alpine Logistics,Tom.43@Alpinelogistic.Com,CA,Retail,LEAD,0,M. Marchlewski,
D-10410,2025-05-07,facebook ads,Northstar Bank,sarah.66@northstarbank.com,Canada,Mining,MQL,"48,000",Serkan Saricam,
D-10251,04/02/2025,GOOGLE ADS,Atlas Construction,yanis.47@atlasconstruct.com,USA,construction,customer,4500,julie tremblay,"May 21, 2025"
D-10196,2025-07-26,Trade-Show, Meridian Bank,rita.12@meridianbank.com ,US,Government,sql,"$ 8,200.00",julie tremblay,
D-10121,03/06/2025,Linked In,Optima Clinics ,yanis.11@optimaclinics.com ,us,Government,MQL,8200 $,Amine Bekkali,
D-10348,"Apr 08, 2025",Event,MERIDIAN BANK,Julie.76@Meridianbank.Com,United States of America,Mining,Opportunity,48000,Sarah OConnor,
D-10451,17-11-2025,Direct,fraser health partners,Nadia.47@Fraserhealthpa.Com,Canada,Education,lead,"8,200",amine bekkali,
D-10327,04/06/2025,tradeshow, Optima Clinics,luc.92@optimaclinics.com,United States,Retail,closed lost,34000,serkan saricam,"Jun 27, 2025"
D-10208,"Jan 10, 2025",REFERRAL,beaumont retail group,Rita.54@Beaumontretail.Com,Canada,Government,M.Q.L,62000,amine bekkali,
D-10340,03/21/2025,Meta,CARGOLINE TRANSPORT,TOM.78@CARGOLINETRANS.COM,Canada,banking,CUSTOMER,"85,000",D. Chen,10-04-2025
D-10394,"Apr 17, 2025",Referral,Ville de Saint-Laurent,ahmed.26@villedesaint-l.com,us,healthcare,customer,N/A,D. Chen,"Jul 19, 2025"
D-10083,2025-01-26,Google-Ads,Quantum Retail,emma.65@quantumretail.com,United States of America,construction,mql,$0,Sarah OConnor,
D-10341,03/18/2025,googleads,Rivière Construction,emma.28@riviereconstru.com,US,Retail,SQL,"8,200",Sarah OConnor,
D-10390,2025-07-23,referal,laurentide foods,,USA,Mining,LEAD,"$ 12,000.00",D. Chen,
D-10298,"Mar 31, 2025",email campaign,terra mining corp,tom.53@terraminingcor.com,USA,construction,M.Q.L,"$62,000",David Chen,
D-10015,"Apr 30, 2025",Meta,Quantum Retail ,yanis.70@quantumretail.com,CAN,Banking,SQL,85000,D. Chen,
D-10239,22-05-2025,Google Adwords,BOREAL ENERGY,SARAH.73@BOREALENERGY.COM,USA,Retail,mql,"120,000",D. Chen,
D-10043,01-09-2025,Google Adwords,GRANITE MINING,david.91@granitemining.com,us,Retail,closed lost,"$85,000",Julie Tremblay,01/29/2026
D-10461,,,,,,,,,,
D-10367,"Oct 05, 2025",tradeshow,atlas construction,julie.90@atlasconstruct.com,USA,retail,Closed Lost,0,Maciek Marchlewski,"Nov 28, 2025"
D-10424,"Mar 06, 2025",Organic Search,IRONCLAD SECURITY,TOM.22@IRONCLADSECURI.COM,United States,Energy,customer,48000,amine bekkali,"Jun 30, 2025"
D-10296,03-09-2025,email campaign, Zenith Retail,Marc.20@Zenithretail.Com,United States of America,Energy,Closed Lost,"$85,000",Julie Tremblay,"Nov 22, 2025"
D-10067,"Aug 29, 2025",LinkedIn Ads,Boreal Energy ,Claire.31@Borealenergy.Com,CAN,construction,customer,"$ 85,000.00",serkan saricam,09/28/2025
D-10104,2025-03-03,Trade Show, Ville de Saint-Laurent,SARAH.90@VILLEDESAINT-L.COM,USA,retail,LEAD,"$ 21,000.00",David Chen,
D-10202,"Feb 11, 2025",Google Adwords,IRONCLAD SECURITY,Claire.47@Ironcladsecuri.Com,USA,Education,lead,N/A,amine bekkali,
D-10115,03/02/2025,email campaign,Nordvale Logistics,Luc.54@Nordvalelogist.Com,us,healthcare,sql,8200 $,M. Marchlewski,
D-10213,2025-11-03,Organic Search,cargoline transport,claire.90@cargolinetrans.com,CA,Manufacturing,LEAD,120000 $,Amine Bekkali,
D-10290,"Sep 18, 2025",Organic Search,BOREAL ENERGY,yanis.87@borealenergy.com,United States,Energy,Lost,"$12,000",Amine Bekkali,2025-10-12
D-10321,02/13/2025,direct,cedarwood properties,,US,Government,lead,-,David Chen,
D-10315,2025-01-25,GOOGLE ADS,NORDVALE LOGISTICS,CLAIRE.96@NORDVALELOGIST.COM,us,Retail,sql,0,David Chen,
D-10325,15-02-2025,EMAIL, Beacon Financial,MARC.99@BEACONFINANCIA.COM,USA,Construction,M.Q.L,,serkan saricam,
D-10001,2025-10-07,Direct,Precision Manufacturing ,luc.84@precisionmanuf.com,CAN,Retail,MQL,"$ 12,000.00",serkan saricam,
D-10330,"Feb 23, 2025",Meta,BOREAL ENERGY,LUC.90@BOREALENERGY.COM,canada,Manufacturing,closed lost,"12,000",Maciek Marchlewski,2025-04-26
D-10234,"Mar 14, 2025",LinkedIn, Northstar Bank,nadia.67@northstarbank.com,USA,Healthcare,Opportunity,-,Sarah OConnor,
D-10093,02/28/2025,LINKEDIN ,NORDVALE LOGISTICS,,US,healthcare,Lead,"$ 34,000.00",Amine Bekkali,
D-10337,08/15/2025,Direct,meridian bank,,USA,healthcare,lead,"$ 4,500.00",serkan saricam,
D-10419,13-04-2025,organic, Beaumont Retail Group,marc.14@beaumontretail.com,canada,healthcare,CUSTOMER,0,D. Chen,"Jun 15, 2025"
D-10042,"Mar 15, 2025",referal, Precision Manufacturing,Tom.96@Precisionmanuf.Com,canada,Education,Lead,"$21,000",Maciek Marchlewski,
D-10087,28-02-2025,Referral, Beaumont Retail Group,emma.72@beaumontretail.com,US,Construction,Opportunity,27500 $,amine bekkali,
D-10292,"Oct 11, 2025",Google Adwords,ville de saint-laurent,TOM.36@VILLEDESAINT-L.COM,US,Government,Lead,"$ 15,500.00",Sarah O'Connor,
D-10393,2025-02-03,Trade Show,Blue Harbour Shipping ,,CA,retail,M.Q.L,,D. Chen,
D-10085,"Aug 27, 2025",FB, Cedarwood Properties,ahmed.42@cedarwoodprope.com,United States,banking,mql,"$ 8,200.00",Amine Bekkali,
D-10036,01/08/2025,email campaign,FRASER HEALTH PARTNERS,DAVID.65@FRASERHEALTHPA.COM,Canada,construction,LEAD,"$8,200",Serkan Saricam,
D-10084,03-03-2025,LinkedIn Ads,Alpine Logistics ,marc.9@alpinelogistic.com,CAN,retail,SQL,N/A,julie tremblay,
D-10314,"Sep 04, 2025",googleads,Granite Mining ,rita.84@granitemining.com ,CAN,Energy,mql,N/A,Maciek Marchlewski,
D-10137,31-05-2025,EMAIL,GRANITE MINING,CLAIRE.99@GRANITEMINING.COM,CA,banking,Lead,"12,000",Serkan Saricam,
D-10169,"Feb 09, 2025",Trade-Show,Boreal Energy ,david.8@borealenergy.com,canada,Banking,customer,"$21,000",Maciek Marchlewski,"Jul 01, 2025"
D-10368,"Jul 22, 2025",facebook ads,ironclad security,Julie.12@Ironcladsecuri.Com,CA,Education,Lost,4500,Maciek Marchlewski,"Oct 13, 2025"
D-10280,01/22/2025,Direct,Vertex Industries ,marc.41@vertexindustri.com ,CA,Healthcare,LEAD,85000,julie tremblay,
D-10373,30-01-2025,Event, Crestview Manufacturing,ahmed.96@crestviewmanuf.com,CAN,retail,closed lost,12000 $,serkan saricam,06/07/2025
D-10247,"Sep 19, 2025",meta ads,LAURENTIDE FOODS,luc.19@laurentidefood.com,CAN,Logistics,Opportunity,"$ 62,000.00",serkan saricam,
D-10429,17-11-2025,SEO,fraser health partners,Nadia.47@Fraserhealthpa.Com,Canada,Education,lead,"8,200",amine bekkali,
D-10159,08-11-2025,LinkedIn,Nordvale Logistics,RITA.95@NORDVALELOGIST.COM,CA,Retail,closed lost,27500,Julie Tremblay,2026-03-11
D-10022,09/28/2025,referal,pelican freight,rita.16@pelicanfreight.com,Canada,Energy,Lost,"$85,000",serkan saricam,10/22/2025
D-10277,2025-10-25,LinkedIn Ads,Terra Mining Corp,julie.7@terraminingcor.com ,CA,Manufacturing,SQL,62000,Julie Tremblay,
D-10073,25-01-2025,GOOGLE ADS,Nordvale Logistics,tom.77@nordvalelogist.com,CAN,Manufacturing,customer,12000,Serkan Saricam,02/15/2025
D-10071,02/26/2025,Organic Search, Laurentide Foods,sarah.65@laurentidefood.com,USA,Retail,closed lost,,Julie Tremblay,"Mar 09, 2025"
D-10145,28-03-2025,Trade-Show,Blue Harbour Shipping,tom.65@blueharbourshi.com ,Canada,Banking,customer,4500,Serkan Saricam,2025-05-21
D-10428,2025-06-06,SEO,Summit Healthcare ,Ahmed.4@Summithealthca.Com,us,Government,Customer,85000,serkan saricam,"Aug 21, 2025"
D-10158,30-04-2025,Referral,alpine logistics,AHMED.3@ALPINELOGISTIC.COM,United States of America,Manufacturing,M.Q.L,,Serkan Saricam,
D-10155,"Jul 02, 2025",SEO,optima clinics,luc.93@optimaclinics.com,CA,Manufacturing,Customer,8200 $,Sarah OConnor,2025-08-04
D-10086,"Mar 29, 2025",LinkedIn Ads, CargoLine Transport,NADIA.5@CARGOLINETRANS.COM,United States,retail,Opportunity,"48,000",Amine Bekkali,
D-10355,2025-05-03,google ads,Alpine Logistics,,canada,retail,M.Q.L,8200,serkan saricam,
D-10092,10/29/2025,Google Ads,Nordvale Logistics,Tom.72@Nordvalelogist.Com,Canada,Retail,closed lost,"$ 34,000.00",Amine Bekkali,03/14/2026
D-10100,2025-04-20,REFERRAL,Granite Mining,rita.50@granitemining.com,us,retail,MQL,,M. Marchlewski,
D-10434,2025-07-09,referal,QUANTUM RETAIL,luc.87@quantumretail.com,canada,Banking,Lead,-,D. Chen,
D-10057,06-05-2025,Google-Ads, Ironclad Security,NADIA.83@IRONCLADSECURI.COM,Canada,healthcare,sql,N/A,D. Chen,
D-10270,2025-07-05,REFERRAL,VILLE DE SAINT-LAURENT,nadia.87@villedesaint-l.com ,us,Construction,MQL,48000,Serkan Saricam,
D-10382,2025-11-06,Organic,Ville de Saint-Laurent ,claire.93@villedesaint-l.com,Canada,Government,SQL,8200 $,serkan saricam,
D-10221,"Jan 28, 2025",tradeshow,precision manufacturing,SARAH.40@PRECISIONMANUF.COM,us,construction,SQL,$0,julie tremblay,
D-10252,17-07-2025,Organic Search,BEACON FINANCIAL,JULIE.53@BEACONFINANCIA.COM,canada,Mining,MQL,"12,000",David Chen,
D-10339,2025-04-08,SEO, Alpine Logistics,julie.16@alpinelogistic.com ,Canada,Banking,Lead,"$ 48,000.00",Sarah OConnor,
D-10030,02-10-2025,Google-Ads,precision manufacturing,luc.35@precisionmanuf.com,CA,healthcare,sql,0,Julie Tremblay,
D-10127,2025-01-09,Direct,laurentide foods,claire.7@laurentidefood.com ,United States of America,banking,lead,4500 $,David Chen,
D-10136,09-11-2025,EMAIL, Precision Manufacturing,david.8@precisionmanuf.com,CAN,construction,Customer,"$ 120,000.00",David Chen,11/22/2025
D-10343,08/05/2025,meta ads,Collège Lasalle ,nadia.5@collegelasalle.com ,Canada,Healthcare,Lead,"34,000",amine bekkali,
D-10026,2025-07-31,Event,Granite Mining ,ahmed.91@granitemining.com ,Canada,Construction,Customer,15500,Amine Bekkali,09-11-2025
D-10044,04/23/2025,direct,Ironclad Security,Yanis.58@Ironcladsecuri.Com,United States,Construction,LEAD,"$34,000",M. Marchlewski,
D-10183,05/13/2025,Trade Show,laurentide foods,marc.57@laurentidefood.com,Canada,Manufacturing,sql,0,D. Chen,
D-10259,"Jan 26, 2025",organic,Zenith Retail,TOM.30@ZENITHRETAIL.COM,canada,retail,opportunity,"27,500",Maciek Marchlewski,
D-10133,2025-10-18,Google-Ads,Zenith Retail ,rita.98@zenithretail.com,Canada,Logistics,Lost,"21,000",Sarah OConnor,2025-11-10
D-10274,05-07-2025,LinkedIn Ads,maple grove schools,JULIE.53@MAPLEGROVESCHO.COM,canada,Construction,LEAD,12000,Serkan Saricam,
D-10180,2025-10-27,LINKEDIN , Vertex Industries,tom.69@vertexindustri.com,CA,Banking,SQL,"$ 15,500.00",Amine Bekkali,
D-10306,"Oct 27, 2025",facebook ads, Northstar Bank,tom.33@northstarbank.com,USA,banking,mql,15500 $,Maciek Marchlewski,
D-10075,"Feb 21, 2025",REFERRAL,TERRA MINING CORP,TOM.71@TERRAMININGCOR.COM,United States,construction,M.Q.L,"15,500",Serkan Saricam,
D-10275,08-05-2025,Website,BEACON FINANCIAL,David.20@Beaconfinancia.Com,United States of America,retail,MQL,N/A,julie tremblay,
D-10130,"Feb 02, 2025",email campaign,NORDVALE LOGISTICS,claire.83@nordvalelogist.com,us,retail,Lost,"$ 34,000.00",Serkan Saricam,2025-02-22
D-10328,2025-12-01,email campaign,Optima Clinics ,tom.34@optimaclinics.com,United States,retail,mql,"$48,000",serkan saricam,
D-10416,"Aug 13, 2025",Direct, CargoLine Transport,sarah.12@cargolinetrans.com ,CAN,Retail,Customer,"$21,000",amine bekkali,2025-10-18
D-10003,2025-10-25,facebook ads,Northstar Bank ,DAVID.54@NORTHSTARBANK.COM,USA,retail,opportunity,27500,Amine Bekkali,
D-10189,11/02/2025,linkedin,Granite Mining ,rita.34@granitemining.com,United States of America,retail,customer,27500,Amine Bekkali,02/23/2026
D-10095,25-08-2025,Meta,CRESTVIEW MANUFACTURING,rita.60@crestviewmanuf.com,Canada,retail,M.Q.L,"$4,500",julie tremblay,
D-10286,17-02-2025,Google Adwords, Cedarwood Properties,Emma.19@Cedarwoodprope.Com,United States,Healthcare,customer,15500 $,Sarah O'Connor,07-03-2025
D-10048,04/13/2025,Google Adwords,Boreal Energy ,sarah.35@borealenergy.com ,Canada,Education,customer,85000 $,David Chen,"Apr 30, 2025"
D-10035,13-10-2025,Facebook,COLLÈGE LASALLE,Marc.34@Collegelasalle.Com,Canada,Construction,Customer,"$4,500",David Chen,01/10/2026
D-10002,2025-02-05,email campaign,SUMMIT HEALTHCARE,julie.31@summithealthca.com,Canada,healthcare,MQL,"$ 4,500.00",Serkan Saricam,
D-10303,"Nov 06, 2025",linkedin, Ironclad Security,yanis.8@ironcladsecuri.com ,us,healthcare,lead,-,Julie Tremblay,
D-10276,05/17/2025,meta ads,Ironclad Security ,,United States of America,Banking,customer,"4,500",Maciek Marchlewski,09/07/2025
D-10316,"Aug 05, 2025",google ads,CargoLine Transport ,tom.6@cargolinetrans.com,us,Energy,Opportunity,0,serkan saricam,
D-10308,07-02-2025,LinkedIn Ads, Beacon Financial,rita.3@beaconfinancia.com,USA,Construction,customer,4500 $,Julie Tremblay,20-02-2025
D-10302,02/11/2025,Google Ads,granite mining,julie.47@granitemining.com,us,Logistics,MQL,"120,000",M. Marchlewski,
D-10134,2025-11-09,Trade Show,beacon financial,Julie.50@Beaconfinancia.Com,USA,banking,M.Q.L,120000 $,Sarah O'Connor,
D-10054,"Sep 05, 2025",meta ads,Crestview Manufacturing,ahmed.5@crestviewmanuf.com ,canada,healthcare,Lost,,M. Marchlewski,"Dec 24, 2025"
D-10082,2025-08-22,googleads,Ville de Saint-Laurent,marc.80@villedesaint-l.com ,CA,Construction,closed lost,120000,David Chen,"Dec 31, 2025"
D-10199,"May 07, 2025",Linked In,Atlas Construction ,tom.91@atlasconstruct.com ,USA,Education,sql,-,Julie Tremblay,
D-10285,2025-01-08,linkedin, Blue Harbour Shipping,tom.77@blueharbourshi.com ,us,construction,opportunity,"$ 21,000.00",David Chen,
D-10090,06-10-2025,Linked In,nordvale logistics,nadia.39@nordvalelogist.com,CAN,Construction,sql,"$ 15,500.00",amine bekkali,
D-10411,2025-09-26,facebook ads,Summit Healthcare,david.41@summithealthca.com,CA,Manufacturing,Closed Lost,"$ 12,000.00",Maciek Marchlewski,02/19/2026
D-10237,"Jul 04, 2025",Email Marketing,Terra Mining Corp,julie.83@terraminingcor.com ,US,Logistics,lead,"$ 4,500.00",Sarah OConnor,
D-10338,14-03-2025,LinkedIn,FRASER HEALTH PARTNERS,david.60@fraserhealthpa.com ,CAN,Mining,LEAD,85000 $,Sarah OConnor,
D-10357,20-05-2025,Direct, Ville de Saint-Laurent,,us,Healthcare,mql,"85,000",Maciek Marchlewski,
D-10007,22-08-2025,google ads,Granite Mining,Marc.94@Granitemining.Com,us,Construction,opportunity,62000 $,M. Marchlewski,
D-10240,08/25/2025,Event,Crestview Manufacturing ,ahmed.41@crestviewmanuf.com,Canada,Energy,SQL,"$34,000",D. Chen,
D-10246,04-08-2025,Website,BEAUMONT RETAIL GROUP,yanis.37@beaumontretail.com,US,construction,Opportunity,15500 $,M. Marchlewski,
D-10241,03/24/2025,Direct,VILLE DE SAINT-LAURENT,ahmed.39@villedesaint-l.com,USA,retail,Lead,$0,M. Marchlewski,
D-10138,"Oct 13, 2025",facebook ads,Boreal Energy ,Claire.19@Borealenergy.Com,CAN,Mining,Lost,"$ 12,000.00",amine bekkali,"Nov 13, 2025"
D-10156,"Jul 15, 2025",direct,Collège Lasalle ,,canada,retail,Lead,"$ 12,000.00",julie tremblay,
D-10282,01/31/2025,Organic,fraser health partners,TOM.9@FRASERHEALTHPA.COM,us,Healthcare,customer,85000 $,Julie Tremblay,05-03-2025
D-10267,21-02-2025,Organic Search,Atlas Construction ,yanis.13@atlasconstruct.com ,US,Healthcare,lead,15500,Serkan Saricam,
D-10020,2025-05-09,Trade-Show,Beacon Financial ,MARC.33@BEACONFINANCIA.COM,us,Logistics,Customer,"$ 8,200.00",amine bekkali,09/03/2025
D-10194,01/26/2025,Organic,Cedarwood Properties ,Luc.26@Cedarwoodprope.Com,United States of America,Mining,opportunity,48000,David Chen,
D-10311,"Mar 03, 2025",google ads,RIVIÈRE CONSTRUCTION,AHMED.56@RIVIERECONSTRU.COM,Canada,Manufacturing,SQL,"$ 62,000.00",serkan saricam,
D-10333,05/14/2025,LinkedIn Ads, Quantum Retail,YANIS.93@QUANTUMRETAIL.COM,United States,Energy,customer,12000,David Chen,2025-10-04
D-10125,"Jun 03, 2025",tradeshow,BOREAL ENERGY,Nadia.55@Borealenergy.Com,United States of America,Mining,opportunity,12000 $,Amine Bekkali,
D-10217,2025-11-11,GOOGLE ADS,maple grove schools,,CAN,Mining,customer,$0,julie tremblay,10-04-2026
D-10319,"Aug 28, 2025",linkedin,Northstar Bank ,marc.24@northstarbank.com,canada,Banking,SQL,0,Amine Bekkali,
D-10205,2025-05-15,email campaign,Precision Manufacturing ,nadia.18@precisionmanuf.com,Canada,healthcare,sql,,D. Chen,
D-10360,2025-09-19,Meta,Meridian Bank,TOM.59@MERIDIANBANK.COM,Canada,healthcare,Closed Lost,"$ 27,500.00",Amine Bekkali,2025-12-22
D-10060,2025-09-11,FB,terra mining corp,EMMA.79@TERRAMININGCOR.COM,Canada,banking,Closed Lost,"$48,000",M. Marchlewski,"Oct 28, 2025"
D-10117,15-05-2025,Trade-Show,ZENITH RETAIL,Nadia.30@Zenithretail.Com,CAN,Logistics,Closed Lost,48000,Julie Tremblay,2025-09-25
D-10008,"Mar 13, 2025",Google Adwords,Cedarwood Properties,EMMA.8@CEDARWOODPROPE.COM,CA,Government,sql,15500 $,David Chen,
D-10186,"Aug 10, 2025",REFERRAL,NORTHSTAR BANK,nadia.52@northstarbank.com,USA,healthcare,customer,27500,David Chen,11/27/2025
D-10214,09/26/2025,facebook ads,northstar bank,rita.97@northstarbank.com,us,Energy,MQL,21000 $,serkan saricam,
D-10160,03/03/2025,Website,TERRA MINING CORP,emma.75@terraminingcor.com,CAN,Manufacturing,MQL,N/A,Maciek Marchlewski,
D-10413,"Jan 17, 2025",LinkedIn Ads,collège lasalle,Ahmed.55@Collegelasalle.Com,USA,Education,Lead,N/A,julie tremblay,
D-10109,"Mar 02, 2025",organic, Atlas Construction,rita.39@atlasconstruct.com ,Canada,Retail,MQL,8200,David Chen,
D-10122,"Mar 31, 2025",Organic,BEAUMONT RETAIL GROUP,emma.19@beaumontretail.com ,United States,Manufacturing,Lead,$0,D. Chen,
D-10324,2025-05-13,tradeshow,BLUE HARBOUR SHIPPING,Claire.97@Blueharbourshi.Com,CAN,Banking,Lead,"$ 15,500.00",julie tremblay,
D-10236,"May 10, 2025",organic,Crestview Manufacturing ,Yanis.4@Crestviewmanuf.Com,CAN,Construction,closed lost,120000 $,Serkan Saricam,13-07-2025
D-10362,30-09-2025,Google Adwords, Zenith Retail,Rita.92@Zenithretail.Com,United States,Retail,opportunity,-,julie tremblay,
D-10047,13-08-2025,LinkedIn,FRASER HEALTH PARTNERS,luc.76@fraserhealthpa.com,Canada,Manufacturing,Opportunity,"$120,000",Sarah OConnor,
D-10453,10-04-2025,referal, Maple Grove Schools,luc.95@maplegrovescho.com ,US,construction,CUSTOMER,"$27,500",Serkan Saricam,2025-07-20
D-10167,12-07-2025,google ads,cedarwood properties,sarah.84@cedarwoodprope.com ,CAN,Construction,closed lost,"27,500",Maciek Marchlewski,"Nov 21, 2025"
D-10293,01/30/2025,Partner Referral, Quantum Retail,nadia.21@quantumretail.com,United States of America,Healthcare,customer,0,Sarah OConnor,2025-06-21
D-10359,"May 04, 2025",Linked In,Atlas Construction ,rita.58@atlasconstruct.com ,Canada,healthcare,LEAD,120000 $,amine bekkali,
D-10063,08/15/2025,Event,Northstar Bank ,Luc.46@Northstarbank.Com,United States of America,Government,LEAD,N/A,Maciek Marchlewski,
D-10334,2025-07-21,LinkedIn,Zenith Retail,SARAH.84@ZENITHRETAIL.COM,US,Manufacturing,customer,4500 $,julie tremblay,2025-10-06
D-10295,"Sep 04, 2025",Direct, Terra Mining Corp,Nadia.51@Terraminingcor.Com,US,Logistics,Opportunity,0,M. Marchlewski,
D-10301,03/14/2025,Meta,Boreal Energy,rita.84@borealenergy.com ,United States,retail,CUSTOMER,"34,000",julie tremblay,10-04-2025
D-10392,2025-02-20,Organic,Rivière Construction,ahmed.71@riviereconstru.com,US,construction,mql,15500,serkan saricam,
D-10418,2025-03-01,LinkedIn Ads,Atlas Construction ,David.56@Atlasconstruct.Com,Canada,Mining,Closed Lost,-,Amine Bekkali,"Mar 22, 2025"
D-10124,28-06-2025,SEO,Pelican Freight ,marc.28@pelicanfreight.com ,United States of America,Banking,MQL,"120,000",Maciek Marchlewski,
D-10103,"Sep 14, 2025",Trade-Show,Maple Grove Schools ,,United States of America,Mining,MQL,21000,amine bekkali,
D-10051,2025-05-10,Trade Show, Ironclad Security,EMMA.55@IRONCLADSECURI.COM,CAN,Construction,LEAD,$0,Julie Tremblay,
D-10443,"Jul 22, 2025",Email,ironclad security,Julie.12@Ironcladsecuri.Com,CA,Education,Lost,4500,Maciek Marchlewski,"Oct 13, 2025"
D-10119,23-04-2025,LinkedIn, Maple Grove Schools,tom.75@maplegrovescho.com,CA,Manufacturing,LEAD,"48,000",Maciek Marchlewski,
D-10313,2025-08-19,SEO,Laurentide Foods,JULIE.76@LAURENTIDEFOOD.COM,CA,construction,closed lost,"$ 34,000.00",Sarah OConnor,2025-12-19
D-10294,"Jul 09, 2025",facebook ads,Boreal Energy,claire.39@borealenergy.com ,USA,Government,M.Q.L,"8,200",David Chen,
D-10297,23-10-2025,Referral,Crestview Manufacturing,,CAN,retail,opportunity,"$ 12,000.00",Amine Bekkali,
D-10342,"Jul 16, 2025",facebook ads,Ville de Saint-Laurent,NADIA.62@VILLEDESAINT-L.COM,United States,Energy,Lost,48000,D. Chen,09/19/2025
D-10106,07/03/2025,organic,northstar bank,rita.97@northstarbank.com,us,Education,Customer,27500,Julie Tremblay,05-11-2025
D-10097,"Jul 24, 2025",direct,CargoLine Transport ,Ahmed.96@Cargolinetrans.Com,Canada,Manufacturing,Customer,34000,Serkan Saricam,"Nov 08, 2025"
D-10320,26-02-2025,Partner Referral,Quantum Retail,JULIE.94@QUANTUMRETAIL.COM,United States,Healthcare,LEAD,"12,000",D. Chen,
D-10018,2025-02-18,LINKEDIN ,Precision Manufacturing,rita.51@precisionmanuf.com ,us,Energy,M.Q.L,0,Sarah OConnor,
D-10065,17-11-2025,Partner Referral,fraser health partners,Nadia.47@Fraserhealthpa.Com,Canada,Education,lead,"8,200",amine bekkali,
D-10171,10/14/2025,Email Marketing,Optima Clinics ,luc.14@optimaclinics.com,United States,Manufacturing,MQL,21000 $,amine bekkali,
D-10435,11/02/2025,Event,boreal energy,marc.39@borealenergy.com ,us,Energy,Lead,"$48,000",Amine Bekkali,
D-10059,09/16/2025,organic,Meridian Bank,david.95@meridianbank.com,CAN,Mining,SQL,8200,Julie Tremblay,
D-10191,10-07-2025,Google Adwords,Precision Manufacturing ,tom.14@precisionmanuf.com,CAN,Mining,opportunity,"$4,500",M. Marchlewski,
D-10006,2025-06-15,Google Adwords,Summit Healthcare,tom.10@summithealthca.com,United States,Government,Customer,"62,000",Sarah O'Connor,"Oct 30, 2025"
D-10195,2025-06-01,meta ads,granite mining,nadia.1@granitemining.com,canada,Retail,lead,"$ 120,000.00",julie tremblay,
D-10423,02-10-2025,Google-Ads,precision manufacturing,luc.35@precisionmanuf.com,CA,healthcare,sql,0,Julie Tremblay,
D-10200,"Mar 07, 2025",FB,Atlas Construction ,CLAIRE.73@ATLASCONSTRUCT.COM,canada,Education,Closed Lost,85000,Julie Tremblay,"Apr 25, 2025"
D-10201,29-05-2025,Organic Search, Nordvale Logistics,emma.27@nordvalelogist.com,canada,Healthcare,opportunity,"$4,500",julie tremblay,
D-10011,07/29/2025,googleads,Cedarwood Properties,emma.88@cedarwoodprope.com,CAN,Government,CUSTOMER,N/A,M. Marchlewski,2025-11-18
D-10412,2025-09-26,EMAIL,Terra Mining Corp ,julie.35@terraminingcor.com,canada,Manufacturing,Customer,48000 $,Sarah O'Connor,2026-01-17
D-10305,"Nov 01, 2025",Meta,COLLÈGE LASALLE,Nadia.9@Collegelasalle.Com,Canada,Energy,MQL,15500 $,julie tremblay,
D-10204,28-11-2025,Email,Nordvale Logistics,Luc.19@Nordvalelogist.Com,CA,Logistics,M.Q.L,$0,julie tremblay,
D-10448,02/11/2025,Website,granite mining,julie.47@granitemining.com,us,Logistics,MQL,"120,000",M. Marchlewski,
D-10226,02-04-2025,Referral,IRONCLAD SECURITY,emma.51@ironcladsecuri.com,United States of America,Logistics,LEAD,$0,julie tremblay,
D-10407,"Nov 03, 2025",linkedin, Pelican Freight,claire.48@pelicanfreight.com,CA,Government,Customer,$0,amine bekkali,07-12-2025
D-10058,14-07-2025,Email Marketing,GRANITE MINING,JULIE.33@GRANITEMINING.COM,USA,Logistics,sql,"$21,000",David Chen,
D-10062,24-06-2025,Google Adwords,RIVIÈRE CONSTRUCTION,marc.40@riviereconstru.com ,USA,construction,closed lost,,serkan saricam,2025-07-04
D-10261,13-04-2025,direct,ATLAS CONSTRUCTION,MARC.81@ATLASCONSTRUCT.COM,United States,retail,Lead,-,julie tremblay,
D-10454,14-03-2025,LinkedIn,FRASER HEALTH PARTNERS,david.60@fraserhealthpa.com ,CAN,Mining,LEAD,85000 $,Sarah OConnor,
D-10078,"Sep 29, 2025",Organic,quantum retail,Ahmed.19@Quantumretail.Com,CAN,Mining,M.Q.L,,M. Marchlewski,
D-10099,2025-03-17,googleads,Cedarwood Properties ,,USA,healthcare,lead,"$62,000",Amine Bekkali,
D-10218,01/16/2025,web form,MERIDIAN BANK,marc.75@meridianbank.com ,United States,Manufacturing,Lost,,Sarah OConnor,04/02/2025
D-10219,"May 23, 2025",Direct,GRANITE MINING,Ahmed.76@Granitemining.Com,us,Manufacturing,closed lost,,Serkan Saricam,08/28/2025
D-10028,18-05-2025,Google Adwords,Collège Lasalle,AHMED.35@COLLEGELASALLE.COM,United States,Retail,CUSTOMER,-,Sarah O'Connor,"Oct 06, 2025"
D-10089,"Aug 15, 2025",Meta,Rivière Construction,Sarah.20@Riviereconstru.Com,Canada,Retail,Closed Lost,"27,500",Serkan Saricam,09/06/2025
D-10019,2025-10-13,direct,atlas construction,Claire.61@Atlasconstruct.Com,CA,construction,mql,,Maciek Marchlewski,
D-10170,2025-04-19,SEO,Granite Mining ,Luc.44@Granitemining.Com,United States,Energy,Opportunity,"$ 120,000.00",Sarah OConnor,
D-10126,2025-06-17,GOOGLE ADS,Quantum Retail ,tom.64@quantumretail.com,US,Education,opportunity,-,Amine Bekkali,
D-10346,2025-08-17,REFERRAL,CargoLine Transport ,rita.35@cargolinetrans.com ,CA,Manufacturing,MQL,$0,M. Marchlewski,
D-10405,"Aug 21, 2025",Trade Show,Zenith Retail,tom.50@zenithretail.com,Canada,Education,SQL,N/A,David Chen,
D-10144,2025-08-28,Referral,Nordvale Logistics,Marc.72@Nordvalelogist.Com,USA,banking,Lost,"$120,000",Maciek Marchlewski,2025-12-17
D-10181,14-09-2025,LINKEDIN ,Terra Mining Corp,JULIE.10@TERRAMININGCOR.COM,CAN,Construction,closed lost,34000 $,Julie Tremblay,2025-10-09
D-10081,"Jun 11, 2025",Event,TERRA MINING CORP,claire.59@terraminingcor.com,us,Banking,Closed Lost,"$ 8,200.00",D. Chen,"Aug 23, 2025"
D-10379,03/04/2025,Direct,Alpine Logistics ,ahmed.3@alpinelogistic.com,us,Healthcare,customer,,Amine Bekkali,2025-05-06
D-10094,2025-04-05,SEO,cedarwood properties,tom.83@cedarwoodprope.com ,United States of America,Retail,opportunity,$0,David Chen,
D-10329,19-03-2025,Organic Search,Rivière Construction,yanis.2@riviereconstru.com,CA,retail,MQL,62000 $,Julie Tremblay,
D-10079,"Nov 27, 2025",facebook ads,Beacon Financial,emma.41@beaconfinancia.com,us,Healthcare,CUSTOMER,-,amine bekkali,01/17/2026
D-10161,"Jan 15, 2025",Google-Ads,atlas construction,emma.96@atlasconstruct.com ,USA,Construction,CUSTOMER,62000 $,David Chen,2025-06-08
D-10080,2025-03-10,web form,Meridian Bank,LUC.67@MERIDIANBANK.COM,Canada,Logistics,mql,4500,julie tremblay,
D-10421,11/22/2025,EMAIL,SUMMIT HEALTHCARE,Rita.21@Summithealthca.Com,us,Logistics,LEAD,0,David Chen,
D-10148,"Mar 18, 2025",tradeshow,Ville de Saint-Laurent ,Julie.80@Villedesaint-L.Com,USA,Manufacturing,closed lost,N/A,Maciek Marchlewski,2025-04-02
D-10225,09/09/2025,FB,OPTIMA CLINICS,Nadia.8@Optimaclinics.Com,Canada,Manufacturing,customer,4500,Sarah OConnor,12/17/2025
D-10216,2025-07-06,Referral,ATLAS CONSTRUCTION,JULIE.80@ATLASCONSTRUCT.COM,canada,healthcare,M.Q.L,"12,000",julie tremblay,
D-10174,"Jan 11, 2025",Partner Referral,precision manufacturing,SARAH.42@PRECISIONMANUF.COM,United States of America,Energy,Lead,$0,Julie Tremblay,
D-10068,2025-08-12,FB,Blue Harbour Shipping,emma.71@blueharbourshi.com,canada,construction,MQL,$0,D. Chen,
D-10365,02/19/2025,googleads, Zenith Retail,claire.7@zenithretail.com,us,Logistics,Opportunity,,amine bekkali,
D-10023,"Nov 15, 2025",Direct,MAPLE GROVE SCHOOLS,yanis.4@maplegrovescho.com,United States of America,Energy,SQL,"62,000",D. Chen,
D-10386,31-07-2025,Trade-Show,CargoLine Transport,nadia.90@cargolinetrans.com ,US,Logistics,MQL,12000 $,M. Marchlewski,
D-10139,"Nov 02, 2025",Website,BEAUMONT RETAIL GROUP,EMMA.91@BEAUMONTRETAIL.COM,canada,Banking,Lead,85000 $,julie tremblay,
D-10101,16-01-2025,Direct,Terra Mining Corp ,David.41@Terraminingcor.Com,us,Manufacturing,customer,"8,200",Julie Tremblay,07-02-2025
D-10190,"Oct 23, 2025",Google Adwords, Crestview Manufacturing,,CA,Energy,mql,"$8,200",Maciek Marchlewski,
D-10053,"Apr 26, 2025",email campaign,Quantum Retail ,tom.65@quantumretail.com,us,construction,LEAD,8200,Julie Tremblay,
D-10250,15-11-2025,direct, Cedarwood Properties,julie.81@cedarwoodprope.com,us,banking,Opportunity,8200 $,Maciek Marchlewski,
D-10096,2025-08-17,Direct, Rivière Construction,Rita.7@Riviereconstru.Com,Canada,Healthcare,Opportunity,8200,Julie Tremblay,
D-10389,29-09-2025,SEO, Cedarwood Properties,emma.57@cedarwoodprope.com ,canada,Construction,Lead,"$ 12,000.00",Julie Tremblay,
D-10378,2025-09-26,LINKEDIN ,FRASER HEALTH PARTNERS,Sarah.42@Fraserhealthpa.Com,US,Manufacturing,M.Q.L,"$ 21,000.00",Amine Bekkali,
D-10369,09/25/2025,tradeshow,Pelican Freight,,CAN,Logistics,Lost,120000,David Chen,26-12-2025
D-10056,06/08/2025,Google Ads,collège lasalle,tom.56@collegelasalle.com,Canada,Banking,SQL,"15,500",Julie Tremblay,
D-10242,2025-07-28,GOOGLE ADS,IRONCLAD SECURITY,Julie.54@Ironcladsecuri.Com,CA,Banking,Customer,-,amine bekkali,10/06/2025
D-10173,"Jun 10, 2025",Meta,CRESTVIEW MANUFACTURING,Luc.57@Crestviewmanuf.Com,canada,Manufacturing,mql,"$ 15,500.00",julie tremblay,
D-10404,2025-04-30,Meta,beacon financial,DAVID.44@BEACONFINANCIA.COM,CA,banking,Lost,120000,Julie Tremblay,13-07-2025
D-10118,2025-07-10,Google Adwords,PRECISION MANUFACTURING,emma.55@precisionmanuf.com,USA,Energy,mql,8200 $,M. Marchlewski,
D-10427,26-02-2025,Organic Search,Terra Mining Corp ,Emma.73@Terraminingcor.Com,United States,Mining,CUSTOMER,$0,julie tremblay,2025-06-22
D-10344,2025-07-22,referal, Alpine Logistics,claire.59@alpinelogistic.com ,US,Healthcare,mql,8200,M. Marchlewski,
D-10269,2025-11-30,facebook ads,Atlas Construction ,Luc.5@Atlasconstruct.Com,us,Healthcare,opportunity,"$ 4,500.00",Sarah O'Connor,
D-10312,06/20/2025,Google Ads,Ironclad Security,sarah.74@ironcladsecuri.com,CAN,healthcare,Customer,"$ 34,000.00",julie tremblay,"Oct 26, 2025"
D-10224,19-03-2025,Direct,Blue Harbour Shipping,NADIA.37@BLUEHARBOURSHI.COM,CAN,Construction,LEAD,"8,200",Amine Bekkali,
D-10439,13-08-2025,LinkedIn,FRASER HEALTH PARTNERS,luc.76@fraserhealthpa.com,Canada,Manufacturing,Opportunity,"$120,000",Sarah OConnor,
D-10210,2025-03-17,facebook ads,boreal energy,Claire.54@Borealenergy.Com,CAN,Logistics,opportunity,"120,000",Sarah O'Connor,
D-10422,01/08/2025,googleads,FRASER HEALTH PARTNERS,DAVID.65@FRASERHEALTHPA.COM,Canada,construction,LEAD,"$8,200",Serkan Saricam,
D-10175,"Aug 14, 2025",Google Ads,northstar bank,luc.67@northstarbank.com,canada,Banking,CUSTOMER,"21,000",Maciek Marchlewski,03-09-2025
D-10032,"Aug 22, 2025",Website,rivière construction,yanis.25@riviereconstru.com,US,Banking,MQL,48000 $,Julie Tremblay,
D-10281,2025-02-09,Organic,Zenith Retail ,SARAH.26@ZENITHRETAIL.COM,United States of America,Energy,Lead,85000 $,julie tremblay,
D-10140,05/18/2025,facebook ads,Zenith Retail,sarah.51@zenithretail.com,canada,Healthcare,Customer,"$ 21,000.00",Sarah O'Connor,07/18/2025
D-10009,2025-08-06,Facebook, Northstar Bank,ahmed.56@northstarbank.com,CA,healthcare,customer,48000 $,Sarah OConnor,10/14/2025
D-10356,18-06-2025,tradeshow,Meridian Bank ,emma.43@meridianbank.com,Canada,retail,opportunity,15500 $,Julie Tremblay,
D-10188,"Aug 01, 2025",Direct,Ironclad Security ,Ahmed.48@Ironcladsecuri.Com,CAN,healthcare,CUSTOMER,"$ 48,000.00",D. Chen,03-10-2025
D-10326,2025-10-08,FB,Northstar Bank,EMMA.21@NORTHSTARBANK.COM,CAN,Mining,sql,"$ 15,500.00",Serkan Saricam,
D-10131,08/05/2025,LINKEDIN ,GRANITE MINING,CLAIRE.76@GRANITEMINING.COM,Canada,construction,MQL,N/A,Serkan Saricam,
D-10347,"Sep 25, 2025",direct,Summit Healthcare,Yanis.49@Summithealthca.Com,USA,Banking,MQL,21000,Amine Bekkali,
D-10377,"Nov 11, 2025",LinkedIn Ads,ville de saint-laurent,David.66@Villedesaint-L.Com,US,Logistics,lead,"4,500",Sarah O'Connor,
D-10336,2025-07-09,Direct,SUMMIT HEALTHCARE,MARC.16@SUMMITHEALTHCA.COM,CAN,Government,closed lost,21000,Sarah O'Connor,2025-10-13
D-10222,2025-01-16,LINKEDIN ,Precision Manufacturing,nadia.75@precisionmanuf.com ,CA,Mining,sql,"$ 21,000.00",David Chen,
D-10402,2025-07-17,Organic Search,Boreal Energy,CLAIRE.70@BOREALENERGY.COM,us,Retail,sql,"$ 8,200.00",serkan saricam,
D-10120,2025-10-06,web form,VILLE DE SAINT-LAURENT,NADIA.20@VILLEDESAINT-L.COM,United States,healthcare,M.Q.L,"$ 34,000.00",D. Chen,
D-10107,05/07/2025,LINKEDIN ,Vertex Industries ,ahmed.43@vertexindustri.com ,CAN,Education,SQL,"8,200",julie tremblay,
D-10335,2025-03-03,Organic, CargoLine Transport,marc.61@cargolinetrans.com ,us,Healthcare,closed lost,27500 $,Maciek Marchlewski,"Apr 05, 2025"
D-10376,"Oct 10, 2025",google ads,Summit Healthcare,TOM.30@SUMMITHEALTHCA.COM,CA,construction,customer,"$48,000",serkan saricam,"Oct 28, 2025"
D-10441,04/06/2025,tradeshow, Optima Clinics,luc.92@optimaclinics.com,United States,Retail,closed lost,34000,serkan saricam,"Jun 27, 2025"
D-10387,09/07/2025,web form,ironclad security,yanis.1@ironcladsecuri.com,Canada,Logistics,customer,27500 $,M. Marchlewski,05-01-2026
D-10045,"Sep 11, 2025",email campaign,cedarwood properties,David.15@Cedarwoodprope.Com,United States,Education,CUSTOMER,0,M. Marchlewski,"Sep 21, 2025"
D-10185,"Jul 19, 2025",web form,Pelican Freight,SARAH.12@PELICANFREIGHT.COM,USA,retail,M.Q.L,$0,julie tremblay,
D-10233,2025-05-03,Partner Referral,crestview manufacturing,ahmed.85@crestviewmanuf.com,United States of America,Education,Opportunity,120000 $,D. Chen,
D-10157,"Feb 06, 2025",Organic Search,Optima Clinics ,nadia.92@optimaclinics.com ,United States of America,Retail,opportunity,"$120,000",Amine Bekkali,
D-10364,"May 15, 2025",Email Marketing,Terra Mining Corp,claire.50@terraminingcor.com ,USA,Banking,sql,"21,000",D. Chen,
D-10184,02/09/2025,Email Marketing,BOREAL ENERGY,claire.33@borealenergy.com ,United States,construction,sql,48000 $,Sarah O'Connor,
D-10232,"Mar 20, 2025",Trade-Show, Optima Clinics,ahmed.12@optimaclinics.com,United States of America,Logistics,LEAD,"12,000",amine bekkali,
D-10374,11/16/2025,organic, Terra Mining Corp,MARC.4@TERRAMININGCOR.COM,US,Mining,LEAD,"$21,000",D. Chen,
D-10110,2025-06-06,meta ads,CRESTVIEW MANUFACTURING,rita.29@crestviewmanuf.com,US,Education,closed lost,0,amine bekkali,"Aug 20, 2025"
D-10350,"Feb 20, 2025",Linked In,Zenith Retail ,EMMA.42@ZENITHRETAIL.COM,CAN,Construction,SQL,27500 $,Sarah O'Connor,
D-10375,2025-07-01,direct, Laurentide Foods,tom.81@laurentidefood.com,canada,Government,opportunity,"62,000",D. Chen,
D-10165,02-07-2025,Google Adwords,NORDVALE LOGISTICS,Sarah.6@Nordvalelogist.Com,us,banking,M.Q.L,,Amine Bekkali,
D-10248,"Oct 18, 2025",Google Ads,fraser health partners,marc.92@fraserhealthpa.com,us,Education,Customer,48000 $,Sarah OConnor,17-03-2026
D-10132,01/15/2025,Organic Search,Nordvale Logistics,julie.28@nordvalelogist.com,CA,Retail,Opportunity,"$ 62,000.00",julie tremblay,
D-10420,02/19/2025,referal,Nordvale Logistics ,tom.51@nordvalelogist.com,USA,healthcare,opportunity,"12,000",Serkan Saricam,
D-10017,09/08/2025,SEO,Precision Manufacturing ,emma.80@precisionmanuf.com,CA,construction,customer,"$85,000",Sarah OConnor,"Oct 18, 2025"
D-10363,"Apr 17, 2025",direct,Maple Grove Schools ,AHMED.23@MAPLEGROVESCHO.COM,United States,Energy,Customer,-,serkan saricam,07-09-2025
D-10425,01-10-2025,Organic,alpine logistics,sarah.3@alpinelogistic.com ,us,Mining,SQL,"15,500",amine bekkali,
D-10206,11/22/2025,Linked In,SUMMIT HEALTHCARE,Rita.21@Summithealthca.Com,us,Logistics,LEAD,0,David Chen,
D-10151,01-06-2025,EMAIL,atlas construction,MARC.81@ATLASCONSTRUCT.COM,United States,healthcare,MQL,8200,Maciek Marchlewski,
D-10149,02/04/2025,Organic Search,Pelican Freight,TOM.47@PELICANFREIGHT.COM,CA,Mining,M.Q.L,62000 $,David Chen,
D-10279,02/25/2025,Partner Referral,Optima Clinics,sarah.10@optimaclinics.com,USA,retail,lead,"$ 4,500.00",D. Chen,
D-10193,25-02-2025,Meta,GRANITE MINING,Sarah.52@Granitemining.Com,Canada,construction,M.Q.L,"$8,200",Serkan Saricam,
D-10278,10/24/2025,Meta,NORDVALE LOGISTICS,luc.80@nordvalelogist.com,CAN,banking,MQL,-,Amine Bekkali,
D-10262,08/09/2025,Email, Laurentide Foods,tom.39@laurentidefood.com,US,Manufacturing,lead,"8,200",Amine Bekkali,
D-10447,"Nov 06, 2025",web form, Ironclad Security,yanis.8@ironcladsecuri.com ,us,healthcare,lead,-,Julie Tremblay,
D-10532,,,,,,,,,,
D-10128,02/17/2025,LinkedIn,Cedarwood Properties ,tom.87@cedarwoodprope.com,CA,Manufacturing,SQL,N/A,Serkan Saricam,
D-10244,03/04/2025,Meta,cargoline transport,ahmed.82@cargolinetrans.com,canada,Mining,customer,120000 $,Sarah O'Connor,02-04-2025
D-10265,2025-04-20,Google-Ads,CEDARWOOD PROPERTIES,luc.94@cedarwoodprope.com ,CA,Manufacturing,lead,N/A,serkan saricam,
D-10192,2025-08-31,Event,BEACON FINANCIAL,david.46@beaconfinancia.com ,USA,construction,mql,8200,Serkan Saricam,
D-10400,08/23/2025,googleads,CRESTVIEW MANUFACTURING,Emma.93@Crestviewmanuf.Com,United States,Mining,customer,,julie tremblay,06-01-2026
D-10229,09-11-2025,Linked In,Blue Harbour Shipping,sarah.31@blueharbourshi.com,Canada,healthcare,lead,,Julie Tremblay,
D-10361,04/10/2025,LinkedIn Ads,Boreal Energy ,tom.92@borealenergy.com ,Canada,healthcare,SQL,"8,200",D. Chen,
D-10322,"Feb 05, 2025",Google-Ads,cedarwood properties,tom.27@cedarwoodprope.com,CA,banking,Lead,48000,Julie Tremblay,
D-10395,2025-11-22,Organic Search,Nordvale Logistics ,AHMED.24@NORDVALELOGIST.COM,United States of America,Energy,lead,"$ 21,000.00",amine bekkali,
D-10061,15-06-2025,facebook ads,Summit Healthcare,RITA.8@SUMMITHEALTHCA.COM,CA,Logistics,MQL,0,Amine Bekkali,
D-10142,05/29/2025,Organic,Ironclad Security,,CAN,Mining,Lead,,Julie Tremblay,
